,SUBZONE UPPER,Population
0,,4180870
276,,159340
552,ANG MO KIO TOWN CENTRE,4850
828,CHENG SAN,26970
1104,CHONG BOON,25190
1380,KEBUN BAHRU,21980
1656,SEMBAWANG HILLS,6950
1932,SHANGRI-LA,17460
2208,TAGORE,7980
2484,TOWNSVILLE,20010
2760,YIO CHU KANG,10
3036,YIO CHU KANG EAST,4380
3312,YIO CHU KANG NORTH,-
3588,YIO CHU KANG WEST,23570
3864,TOTAL,276840
4140,BAYSHORE,8000
4416,BEDOK NORTH,81550
4692,BEDOK RESERVOIR,25190
4968,BEDOK SOUTH,48360
5244,FRANKEL,35030
5520,KAKI BUKIT,35440
5796,KEMBANGAN,35890
6072,SIGLAP,7390
6348,TOTAL,87930
6624,BISHAN EAST,27460
6900,MARYMOUNT,28800
7176,UPPER THOMSON,31670
7452,TOTAL,20
7728,LIU FANG,10
8004,SAMULUN,-
8280,SHIPYARD,-
8556,TUKANG,10
8832,TOTAL,167750
9108,BRICKWORKS,31090
9384,BUKIT BATOK CENTRAL,27320
9660,BUKIT BATOK EAST,12070
9936,BUKIT BATOK SOUTH,14520
10212,BUKIT BATOK WEST,14350
10488,GOMBAK,9770
10764,GUILIN,12830
11040,HILLVIEW,20660
11316,HONG KAH NORTH,25140
11592,TOTAL,148270
11868,ALEXANDRA HILL,12880
12144,ALEXANDRA NORTH,2880
12420,BUKIT HO SWEE,13430
12696,BUKIT MERAH,1000
12972,CITY TERMINALS,20
13248,DEPOT ROAD,6530
13524,EVERTON PARK,7510
13800,HENDERSON HILL,12770
14076,KAMPONG TIONG BAHRU,9800
14352,MARITIME SQUARE,4820
14628,REDHILL,10980
14904,SINGAPORE GENERAL HOSPITAL,-
15180,TELOK BLANGAH DRIVE,19100
15456,TELOK BLANGAH RISE,11530
15732,TELOK BLANGAH WAY,8330
16008,TIONG BAHRU,12130
16284,TIONG BAHRU STATION,14570
16560,TOTAL,138050
16836,BANGKIT,21010
17112,DAIRY FARM,7860
17388,FAJAR,26420
17664,JELEBU,29960
17940,NATURE RESERVE,3980
18216,SAUJANA,25000
18492,SENJA,23830
18768,TOTAL,83570
19044,ANAK BUKIT,22960
19320,CORONATION ROAD,7480
19596,FARRER COURT,7330
19872,HILLCREST,9870
20148,HOLLAND ROAD,11640
20424,LEEDON PARK,6900
20700,SWISS CLUB,6110
20976,ULU PANDAN,11290
21252,TOTAL,-
21528,CENTRAL WATER CATCHMENT,-
21804,TOTAL,1950
22080,CHANGI AIRPORT,-
22356,CHANGI POINT,560
22632,CHANGI WEST,1390
22908,TOTAL,-
23184,CHANGI BAY,-
23460,TOTAL,190180
23736,CHOA CHU KANG CENTRAL,21980
24012,CHOA CHU KANG NORTH,30790
24288,KEAT HONG,39370
24564,PENG SIANG,33860
24840,TECK WHYE,24560
25116,YEW TEE,39620
25392,TOTAL,102390
25668,CLEMENTI CENTRAL,14510
25944,CLEMENTI NORTH,30800
26220,CLEMENTI WEST,14540
26496,CLEMENTI WOODS,18860
26772,FABER,8060
27048,PANDAN,20
27324,SUNSET WAY,5470
27600,TOH TUCK,20
27876,WEST COAST,10120
28152,TOTAL,4660
28428,ANSON,80
28704,BAYFRONT SUBZONE,-
28980,BUGIS,1150
29256,CECIL,540
29532,CENTRAL SUBZONE,1420
29808,CITY HALL,140
30084,CLIFFORD PIER,-
30360,MARINA CENTRE,20
30636,MAXWELL,-
30912,NICOLL,310
31188,PHILLIP,10
31464,RAFFLES PLACE,40
31740,TANJONG PAGAR,940
32016,TOTAL,116610
32292,ALJUNIED,43210
32568,GEYLANG EAST,32820
32844,KALLANG WAY,40
33120,KAMPONG UBI,13690
33396,MACPHERSON,26850
33672,TOTAL,228140
33948,DEFU INDUSTRIAL PARK,10
34224,HOUGANG CENTRAL,4720
34500,HOUGANG EAST,23800
34776,HOUGANG WEST,43700
35052,KANGKAR,35000
35328,KOVAN,27280
35604,LORONG AH SOO,31590
35880,LORONG HALUS,-
36156,TAI SENG,12950
36432,TRAFALGAR,49090
36708,TOTAL,74530
36984,INTERNATIONAL BUSINESS PARK,10
37260,JURONG GATEWAY,580
37536,JURONG PORT,-
37812,JURONG RIVER,-
38088,LAKESIDE (BUSINESS),-
38364,LAKESIDE (LEISURE),550
38640,PENJURU CRESCENT,10
38916,TEBAN GARDENS,17480
39192,TOH GUAN,13830
39468,YUHUA EAST,23530
39744,YUHUA WEST,18550
40020,TOTAL,257470
40296,BOON LAY PLACE,29510
40572,CHIN BEE,-
40848,HONG KAH,52260
41124,JURONG WEST CENTRAL,61900
41400,KIAN TECK,40
41676,SAFTI,-
41952,TAMAN JURONG,39010
42228,WENYA,8180
42504,YUNNAN,66560
42780,TOTAL,100560
43056,BENDEMEER,36790
43332,BOON KENG,11980
43608,CRAWFORD,7700
43884,GEYLANG BAHRU,10400
44160,KALLANG BAHRU,20
44436,KAMPONG BUGIS,1630
44712,KAMPONG JAVA,10390
44988,LAVENDER,10190
45264,TANJONG RHU,11460
45540,TOTAL,40
45816,LIM CHU KANG,40
46092,TOTAL,2110
46368,MANDAI EAST,-
46644,MANDAI ESTATE,2110
46920,MANDAI WEST,-
47196,TOTAL,-
47472,MARINA EAST,-
47748,TOTAL,-
48024,MARINA SOUTH,-
48300,TOTAL,46690
48576,EAST COAST,-
48852,KATONG,9450
49128,MARINA EAST (MP),-
49404,MARINE PARADE,27140
49680,MOUNTBATTEN,10100
49956,TOTAL,760
50232,BRAS BASAH,20
50508,DHOBY GHAUT,540
50784,FORT CANNING,210
51060,TOTAL,9730
51336,CAIRNHILL,4630
51612,GOODWOOD PARK,1480
51888,ISTANA NEGARA,50
52164,MONK'S HILL,1170
52440,NEWTON CIRCUS,310
52716,ORANGE GROVE,2100
52992,TOTAL,40
53268,NORTH-EASTERN ISLANDS,40
53544,TOTAL,51850
53820,BALESTIER,32690
54096,DUNEARN,4020
54372,MALCOLM,3210
54648,MOULMEIN,11230
54924,MOUNT PLEASANT,700
55200,TOTAL,1290
55476,BOULEVARD,540
55752,SOMERSET,170
56028,TANGLIN,580
56304,TOTAL,16790
56580,CHINA SQUARE,1310
56856,CHINATOWN,10080
57132,PEARL'S HILL,5110
57408,PEOPLE'S PARK,280
57684,TOTAL,145150
57960,FLORA DRIVE,16290
58236,LOYANG EAST,2050
58512,LOYANG WEST,540
58788,PASIR RIS CENTRAL,31730
59064,PASIR RIS DRIVE,51680
59340,PASIR RIS PARK,7890
59616,PASIR RIS WAFER FAB PARK,10
59892,PASIR RIS WEST,34970
60168,TOTAL,20
60444,AIRPORT ROAD,-
60720,PAYA LEBAR EAST,-
60996,PAYA LEBAR NORTH,20
61272,PAYA LEBAR WEST,-
61548,PLAB,-
61824,TOTAL,50
62100,BENOI SECTOR,-
62376,GUL BASIN,-
62652,GUL CIRCLE,20
62928,JOO KOON,20
63204,PIONEER SECTOR,10
63480,TOTAL,199400
63756,CONEY ISLAND,-
64032,MATILDA,52960
64308,NORTHSHORE,18420
64584,PUNGGOL CANAL,-
64860,PUNGGOL FIELD,48540
65136,PUNGGOL TOWN CENTRE,25220
65412,WATERWAY EAST,54260
65688,TOTAL,101930
65964,COMMONWEALTH,6550
66240,DOVER,11290
66516,GHIM MOH,13160
66792,HOLLAND DRIVE,12010
67068,KENT RIDGE,2250
67344,MARGARET DRIVE,24160
67620,MEI CHIN,16480
67896,NATIONAL UNIVERSITY OF S'PORE,290
68172,ONE NORTH,1010
68448,PASIR PANJANG 1,4750
68724,PASIR PANJANG 2,3540
69000,PORT,120
69276,QUEENSWAY,270
69552,SINGAPORE POLYTECHNIC,160
69828,TANGLIN HALT,5880
70104,TOTAL,11880
70380,INSTITUTION HILL,3760
70656,LEONIE HILL,3850
70932,ONE TREE HILL,2320
71208,OXLEY,1630
71484,PATERSON,320
71760,TOTAL,12920
72036,BENCOOLEN,1340
72312,FARRER PARK,2570
72588,KAMPONG GLAM,130
72864,LITTLE INDIA,3030
73140,MACKENZIE,130
73416,MOUNT EMILY,2070
73692,ROCHOR CANAL,-
73968,SELEGIE,60
74244,SUNGEI ROAD,1900
74520,VICTORIA,1690
74796,TOTAL,300
75072,PULAU PUNGGOL BARAT,-
75348,PULAU PUNGGOL TIMOR,-
75624,SELETAR,290
75900,SELETAR AEROSPACE PARK,10
76176,TOTAL,110090
76452,ADMIRALTY,13530
76728,SEMBAWANG CENTRAL,35400
77004,SEMBAWANG EAST,23480
77280,SEMBAWANG NORTH,25730
77556,SEMBAWANG SPRINGS,9540
77832,SEMBAWANG STRAITS,2370
78108,SENOKO NORTH,10
78384,SENOKO SOUTH,30
78660,THE WHARVES,-
78936,TOTAL,265060
79212,ANCHORVALE,51310
79488,COMPASSVALE,21580
79764,FERNVALE,69010
80040,LORONG HALUS NORTH,-
80316,RIVERVALE,62660
80592,SENGKANG TOWN CENTRE,60500
80868,SENGKANG WEST,-
81144,TOTAL,117630
81420,LORONG CHUAN,8550
81696,SELETAR HILLS,15390
81972,SERANGOON CENTRAL,22590
82248,SERANGOON GARDEN,37450
82524,SERANGOON NORTH,15200
82800,SERANGOON NORTH IND ESTATE,10
83076,UPPER PAYA LEBAR,18430
83352,TOTAL,-
83628,PULAU SELETAR,-
83904,SIMPANG NORTH,-
84180,SIMPANG SOUTH,-
84456,TANJONG IRAU,-
84732,TOTAL,4380
85008,BOAT QUAY,150
85284,CLARKE QUAY,120
85560,ROBERTSON QUAY,4110
85836,TOTAL,2480
86112,SENTOSA,2480
86388,SOUTHERN GROUP,-
86664,TOTAL,-
86940,STRAITS VIEW,-
87216,TOTAL,750
87492,GALI BATU,40
87768,KRANJI,-
88044,PANG SUA,20
88320,RESERVOIR VIEW,10
88596,TURF CLUB,680
88872,TOTAL,284560
89148,SIMEI,38470
89424,TAMPINES EAST,128250
89700,TAMPINES NORTH,32830
89976,TAMPINES WEST,83260
90252,XILIN,1760
90528,TOTAL,24030
90804,CHATSWORTH,7720
91080,NASSIM,10580
91356,RIDOUT,1510
91632,TYERSALL,4220
91908,TOTAL,7980
92184,BRICKLAND,-
92460,FOREST HILL,-
92736,GARDEN,280
93012,PARK,-
93288,PLANTATION,7700
93564,TENGAH INDUSTRIAL ESTATE,-
93840,TOTAL,139310
94116,BIDADARI,7550
94392,BOON TECK,14600
94668,BRADDELL,9530
94944,JOO SENG,7920
95220,KIM KEAT,8710
95496,LORONG 8 TOA PAYOH,6720
95772,PEI CHUN,9960
96048,POTONG PASIR,12920
96324,SENNETT,16580
96600,TOA PAYOH CENTRAL,27430
96876,TOA PAYOH WEST,13960
97152,WOODLEIGH,3420
97428,TOTAL,70
97704,TENGEH,-
97980,TUAS BAY,10
98256,TUAS NORTH,20
98532,TUAS PROMENADE,10
98808,TUAS VIEW,10
99084,TUAS VIEW EXTENSION,10
99360,TOTAL,10
99636,JURONG ISLAND AND BUKOM,10
99912,SEMAKAU,-
100188,SUDONG,-
100464,TOTAL,600
100740,BAHAR,-
101016,CLEANTECH,-
101292,MURAI,600
101568,TOTAL,255180
101844,GREENWOOD PARK,100
102120,MIDVIEW,34380
102396,NORTH COAST,11430
102672,SENOKO WEST,30
102948,WOODGROVE,32670
103224,WOODLANDS EAST,99870
103500,WOODLANDS REGIONAL CENTRE,-
103776,WOODLANDS SOUTH,40150
104052,WOODLANDS WEST,36550
104328,TOTAL,229520
104604,KHATIB,9810
104880,LOWER SELETAR,19150
105156,NEE SOON,1050
105432,NORTHLAND,27080
105708,SPRINGLEAF,4370
105984,YISHUN CENTRAL,2880
106260,YISHUN EAST,71930
106536,YISHUN SOUTH,41490
106812,YISHUN WEST,51760
